-- phpMyAdmin SQL Dump
-- version 5.2.0
-- https://www.phpmyadmin.net/
--
-- Хост: 127.0.0.1
-- Время создания: Май 25 2023 г., 17:16
-- Версия сервера: 10.4.27-MariaDB
-- Версия PHP: 8.1.12

SET SQL_MODE = "NO_AUTO_VALUE_ON_ZERO";
START TRANSACTION;
SET time_zone = "+00:00";


/*!40101 SET @OLD_CHARACTER_SET_CLIENT=@@CHARACTER_SET_CLIENT */;
/*!40101 SET @OLD_CHARACTER_SET_RESULTS=@@CHARACTER_SET_RESULTS */;
/*!40101 SET @OLD_COLLATION_CONNECTION=@@COLLATION_CONNECTION */;
/*!40101 SET NAMES utf8mb4 */;

--
-- База данных: `db_findjob`
--

-- --------------------------------------------------------

--
-- Структура таблицы `company`
--

CREATE TABLE `company` (
  `id` int(11) NOT NULL,
  `user_id` int(11) NOT NULL,
  `name` varchar(63) NOT NULL,
  `description` varchar(4095) NOT NULL,
  `contacts` varchar(2047) NOT NULL
) ENGINE=InnoDB DEFAULT CHARSET=utf8mb4 COLLATE=utf8mb4_general_ci;

-- --------------------------------------------------------

--
-- Структура таблицы `favourites`
--

CREATE TABLE `favourites` (
  `user_id` int(11) NOT NULL,
  `vacancy_id` int(11) NOT NULL
) ENGINE=InnoDB DEFAULT CHARSET=utf8mb4 COLLATE=utf8mb4_general_ci;

--
-- Дамп данных таблицы `favourites`
--

INSERT INTO `favourites` (`user_id`, `vacancy_id`) VALUES
(16, 16),
(21, 2),
(27, 10),
(27, 12);

-- --------------------------------------------------------

--
-- Структура таблицы `region`
--

CREATE TABLE `region` (
  `id` int(11) NOT NULL,
  `name` varchar(127) NOT NULL
) ENGINE=InnoDB DEFAULT CHARSET=utf8mb4 COLLATE=utf8mb4_general_ci;

--
-- Дамп данных таблицы `region`
--

INSERT INTO `region` (`id`, `name`) VALUES
(6, 'Караганда'),
(1, 'Москва'),
(3, 'Новосибирск'),
(2, 'Омск'),
(4, 'Томск');

-- --------------------------------------------------------

--
-- Структура таблицы `specialization`
--

CREATE TABLE `specialization` (
  `id` int(11) NOT NULL,
  `name` varchar(255) NOT NULL,
  `description` varchar(2095) DEFAULT NULL
) ENGINE=InnoDB DEFAULT CHARSET=utf8mb4 COLLATE=utf8mb4_general_ci;

--
-- Дамп данных таблицы `specialization`
--

INSERT INTO `specialization` (`id`, `name`, `description`) VALUES
(1, 'Менеджмент', NULL),
(2, 'IT', NULL),
(3, 'Маркетинг', NULL),
(4, 'Медицина', NULL),
(5, 'Образование', NULL);

-- --------------------------------------------------------

--
-- Структура таблицы `user_info`
--

CREATE TABLE `user_info` (
  `id` int(11) NOT NULL,
  `nickname` varchar(63) NOT NULL,
  `password` varchar(127) NOT NULL,
  `email` varchar(127) NOT NULL,
  `description` varchar(4095) DEFAULT '',
  `role` int(63) NOT NULL DEFAULT 0
) ENGINE=InnoDB DEFAULT CHARSET=utf8mb4 COLLATE=utf8mb4_general_ci;

--
-- Дамп данных таблицы `user_info`
--

INSERT INTO `user_info` (`id`, `nickname`, `password`, `email`, `description`, `role`) VALUES
(16, 'Витя', '123', 'string@mail.ru', 'Опыт работы в сбербанк, 10 лет стажа в магнит, коммуникабельный, стрессоустойчивый\n', 1),
(21, 'Никита', '123', 'string1@mail.ru', 'ыва ывдадыв лоадлыва о', 0),
(22, 'Sanya витя', '123', 'string228@mail.ru', 'Пару слов о себе? skdhf kdjshkjs fdhkjs hdfksfd ', 0),
(25, 'Витяfsd', '123', 'string0@mail.ru', 'Пару слов о себе?asdasd', 0),
(27, 'Кирилл', '123', 'string2@mail.ru', 'Пару слов о себе? skdhf kjsdhf kjhsdkjf hkjsdf', 0);

-- --------------------------------------------------------

--
-- Структура таблицы `vacancy`
--

CREATE TABLE `vacancy` (
  `id` int(11) NOT NULL,
  `title` varchar(63) NOT NULL,
  `description` varchar(8191) NOT NULL,
  `description_short` varchar(255) NOT NULL,
  `spec_id` int(11) NOT NULL DEFAULT 1,
  `salary_min` int(63) NOT NULL,
  `salary_max` int(63) NOT NULL,
  `region_id` int(11) NOT NULL DEFAULT 1,
  `company_name` varchar(63) NOT NULL,
  `date_create` datetime NOT NULL
) ENGINE=InnoDB DEFAULT CHARSET=utf8mb4 COLLATE=utf8mb4_general_ci;

--
-- Дамп данных таблицы `vacancy`
--

INSERT INTO `vacancy` (`id`, `title`, `description`, `description_short`, `spec_id`, `salary_min`, `salary_max`, `region_id`, `company_name`, `date_create`) VALUES
(1, 'Руководитель отдела IT', '<div><p><strong><span>Обязанности:</span></strong></p> <ul> <li><span>Руководство отделом </span><span class=\"highlighted\">IT</span><span></span></li> <li><span>Обеспечение бесперебойного функционирования </span><span class=\"highlighted\">IT</span><span>-оборудования офиса и торговых точек</span></li> <li><span>Принятие оперативных мер по устранению неполадок</span></li> <li><span>Управление </span><span class=\"highlighted\">IT</span><span>- сферой организации на основе разработанных регламентов</span></li> </ul> <p><strong><span>Требования:</span></strong></p> <ul> <li><span>Опыт руководителем </span><span class=\"highlighted\">IT</span><span>-отдела от 1 года.</span></li> <li><span>Способность самостоятельно принимать и обосновывать технические решения по IТ инфраструктуре компании.</span></li> <li><span>Понимание принципов информационной безопасности и основных средств ее обеспечения; резервного копирования; антивирусной защиты и т.д.</span></li> <li><span>Навыки администрирования серверов‚ локальных сетей‚ поддержки рабочих станций и пользователей.</span></li> <li><span>Энергичность, внедрение новых разработок в </span><span class=\"highlighted\">IT</span><span>, стрессоустойчивость.</span></li> <li><span>Опыт и навыки работы с активным сетевым оборудованием.</span></li> </ul> <p><strong><span>Условия:</span></strong></p> <ul> <li><span>Работа в стабильной и развивающейся компании, заинтересованной в росте своих сотрудников;</span></li> <li><span>Активное развитие на выездных тренингах и семинарах, сертификации за счёт компании – это отличные возможности для профессионального и карьерного роста;</span></li> <li><span>Возможность чтения литературы из корпоративной библиотеки;</span></li> <li><span>Комфортный современный офис и дружный коллектив;</span></li> <li><span>Интересные праздничные мероприятия, поздравления со значимыми событиями, подарки детям на Новый Год;</span></li> <li><span>Бесплатное корпоративное питание и частичная оплата мобильной связи;</span></li> <li><span>Собственная бесплатная парковка;</span></li> <li><span>Официальное трудоустройство по ТК РФ.</span></li> </ul></div>', 'Работа в крупной компании. Хорошие условия и зарплата', 2, 120000, 130000, 2, 'Wildberries', '2022-12-01 09:57:01'),
(2, 'Стажер в отдел IT', '<div><p><span>Мы приглашаем студентов 3-4-го курса бакалавриата или 1-2 курса магистратуры на стажировку в отделе </span><span class=\"highlighted\">IT</span><span></span></p> <p><strong><span>Наши преимущества:</span></strong></p> <ul> <li><span>Работа в офисе</span></li> <li><span>Возможность получать опыт и знания напрямую от специалистов отдела </span><span class=\"highlighted\">IT</span><span></span></li> <li><span>Перспектива быстро набраться опыта и знаний.</span></li> </ul> <p><strong><span>Обязанности:</span></strong></p> <ul> <li><span>На первых порах Вы будете:</span><br><span>- Набираться опыта на несложных задачах;</span><br><span>- Консультировать пользователей, помогать в решение текущих проблем;</span></li> </ul> <p><strong><span>Требования:</span></strong><span>​​​​</span></p> <ul> <li><span>Аналитический склад ума;</span></li> <li><span>Быстрое обучение и умение находить недостающую информацию;</span></li> <li><span>Готовность много работать и много учиться одновременно;</span></li> <li><span>Хорошие коммуникативные навыки.</span></li> <li><span>Личностные качества: ответственность, инициативность, честность, доброжелательность</span></li> </ul> <p><strong><span>Условия:</span></strong></p> <ul> <li><span>Комфортный офис на ул. Коммунистическая, д.70 корп.3 стр.1</span></li> <li><span>Обучение и сертификация за счет компании</span></li> <li><span>Оформление по ТК РФ, полностью белая з/п.</span></li> <li><span>Пятидневная рабочая неделя с 9-00 до 18-00 .</span></li> </ul></div>', 'Мы приглашаем студентов 3-4-го курса бакалавриата или 1-2 курса магистратуры на стажировку в отделе IT', 2, 35000, 65000, 2, 'Магнит', '2022-12-17 12:23:59'),
(3, 'Менеджер по продажам', '<div><p><span>Приветствую, меня зовут Иван, я руководитель отдела продаж Migliori! Мы - компания по пошиву мужской обуви премиум сегмента с филиалами в 5 городах и собственным производством в Москве. Наша цель - сделать самый успешный бренд обуви в мире (в планах запуск женской обуви).</span></p> <p><span>Мы шьём для первых лиц государства, звёзд и просто успешных людей, и делаем обувь невероятно удобной из премиальных материалов. Например - телячью кожу берём из Франции, с завода Hermes.</span></p> <p><span>Я ищу человека в команду на должность </span><span class=\"highlighted\">менеджера</span><span> по продажам. Цель этой должности - создавать встречи с экспертами из салонов, а также помогать клиентам с организацией удаленного пошива, обрабатывать заявки в AmoCRM и доводить клиентов до встречи и оплаты. Работаем только с теплыми и входящими лидами. Основная задача отдела продаж - приводить клиентов на пошив обуви.</span></p> <p><span>У нас сплоченная команда, прозрачная и официальная ЗП, которая выплачивается каждые 2 недели.</span><br><span>Мне нравятся люди, у которых есть цели, которые добиваются карьерного роста и обладают лидерскими и профессиональными качествами, легко обучаются и не согласны быть низкопроизводительными. Если это Вы - оставьте отклик на вакансию, жду в нашей команде!</span></p> <p><span>Начните сообщение со слов \"Ознакомился/ась, мне интересно\", чтобы было понятно, что Вы не пробежали вакансию глазами по диагонали, а правда ознакомились и Вам интересно.</span></p> <p><strong><span>Обязанности:</span></strong></p> <ul> <li><span>Работа в AmoCRM</span></li> <li><span>Обрабатывать заявки в CRM по скрипту</span></li> <li><span>Назначать встречи с клиентами и создавать записи в графике встреч</span></li> <li><span>Доводить клиентов до встреч с Экспертами и продаж</span></li> <li><span>Налаживать доверительные отношения с клиентами</span></li> <li><span>Поддерживать коммуникацию и делать так, чтобы каждый Ваш клиент был доволен</span></li> </ul> <strong><span>Требования:</span></strong> <ul> <li><span>Опыт работы в CRM</span></li> <li><span>Опыт работы в продажах</span></li> <li><span>Ответственность, дисциплина</span></li> <li><span>Пунктуальность</span></li> <li><span>Грамотная речь</span></li> <li><span>Микрофон, ПК, смартфон, тишина во время работы</span></li> <li><span>Обучаемость и способность анализировать свою работу</span></li> </ul> <strong><span>Условия:</span></strong> <ul> <li><span>Отличная и прозрачная ЗП каждые 2 недели. Ставка от общего дохода и высокий процент с личных продаж</span></li> <li><span>Удаленная работа</span></li> <li><span>Постоянное развитие</span></li> <li><span>Амбициозный проект, который за 5 лет уже масштабируется на федеральном уровне с собственным сбытом и производством.</span></li> <li><span>Оформление по ГПД (услуги, ИП, самозанятые).</span></li> <li><span>Возможность карьерного роста до старшего </span><span class=\"highlighted\">менеджера</span><span>/помощника руководителя/руководителя подразделения</span></li> </ul></div>', 'Мы шьём для первых лиц государства, звёзд и просто успешных людей, и делаем обувь невероятно удобной из премиальных материалов. Например - телячью кожу берём из Франции, с завода Hermes.', 1, 25000, 30000, 2, 'Пятерочка', '2022-12-09 12:26:43'),
(8, 'IT директор', 'в крупную компанию директор подразделения IT. полная занятость официальное трудоустройство.\r\n\r\nбольшое количество задач по внедрению автоматизации на предприятии', 'в крупную компанию директор подразделения IT. полная занятость официальное трудоустройство.\r\n\r\nбольшое количество задач по внедрению автоматизации на предприятии', 2, 100000, 120000, 2, 'ОмГТУ', '2022-08-02 12:00:53'),
(9, 'Менеджер по проектам в IT компанию', '<div><p> </p> <p><span>Компания </span><strong><span>Addamant</span></strong><span> приглашает к взаимовыгодному сотрудничеству </span><strong><span>Менеджера </span><span class=\"highlighted\">IT</span><span> проектов.</span></strong></p> <p><span>Наша команда в работе прежде всего ценит качество и профессионализм, что позволяет нам быть востребованным среди клиентов с самыми разными потребностями.</span></p> <p><span>Мы работаем в сфере разработки web-сайтов различной сложности, поэтому наша компания может предложить большой спектр услуг по созданию новых проектов и качественной поддержке действующих.</span></p> <p><strong><span>Мы ищем:</span></strong></p> <p><span>Прокаченного управленца проектами, с горящими глазами, который готов полностью погрузиться в процесс разработки различных продуктов с нуля и не только. Взять их в свои руки. За последние годы мы выросли в два раза, клиентов стало больше, проекты интересней и масштабней, поэтому мы в поиске PM с релевантным опытом в </span><span class=\"highlighted\">IT</span><span>!</span></p> <p><span>Сейчас у нас в работе крупный eCommerce, MVP-платформы, LMS и CRM, не говоря уже про проекты лендингов и обычных сайтов. По длительности проекты могут быть от месяца до нескольких лет. В нашей команде налаженная система митингов, мы вместе обсуждаем фичи и архитектуру проекта, у нас комфортная коммуникация между разработчиками и менеджерами. PM нужно брать в свои надежные руки команду и вести к успеху!</span></p> <p><strong><span>Что ляжет на твои плечи:</span></strong></p> <ul> <li><span>коммуницировать с заказчиками;</span></li> <li><span>руководство командой разработчиков на проекте;</span></li> <li><span>разработка и ведение проектной документации;</span></li> <li><span>проектная аналитика;</span></li> <li><span>контроль качества на проекте.</span></li> </ul> <p><strong><span>Что мы ожидаем:</span></strong></p> <ul> <li><span>опыт работы в качестве </span><span class=\"highlighted\">менеджера</span><span> </span><span class=\"highlighted\">проектов</span><span> в </span><span class=\"highlighted\">IT</span><span> сфере;</span></li> <li><span>внедрение новых технологий и улучшение текущих бизнес-процессов компании;</span></li> <li><span>опыт общения с клиентами, способность ясно выражать мысли, донести информацию до клиента;</span></li> <li><span>навыки предотвращения и разрешения конфликтных ситуаций с клиентами, согласования изменений бюджета и требований;</span></li> <li><span>работа с документами: договоры, технические задания, отчеты и т.д.;</span></li> <li><span>способность четко формулировать задачи для разработчиков;</span></li> <li><span>знание основ web разработки, понимание того, как работает проект, способность передать техническую информацию от разработчика клиенту в понятной для клиента форме не исказив важную информацию;</span></li> <li><span>знание основ тестирования, контроля качества;</span></li> <li><span>знание методологий ведения проектов, аналитики, контроля качества и способность адекватно применить их на проекте при возникновении необходимости.</span></li> </ul> <p><strong><span>Будем плюсом:</span></strong></p> <ul> <li><span>умение анализировать и делать выводы на основе анализа;</span></li> <li><span>умение находить компромиссы, стрессоустойчивость;</span></li> <li><span>умение отстаивать свою позицию;</span></li> <li><span>лидерские качества, мотивация людей.</span></li> </ul> <p><strong><span>Что от нас:</span></strong></p> <ul> <li> <p><span>в нашей команде ты встретишь отзывчивых и доброжелательных коллег;</span></p> </li> <li> <p><span>уют и комфорт в офисе будут обеспечены за счет учета пожеланий о твоем рабочем месте;</span></p> </li> <li> <p><span>офис в самом центре города с панорамными окнами и красивым видом с высоты;</span></p> </li> <li> <p><span>твое желание развиваться будет нами поддержано - книги из корпоративной библиотеки в свободном доступе, а если нет нужного - найдем и дополним;</span></p> </li> <li> <p><span>интересные задачи и не менее интересные клиенты станут твоей ежедневной усладой;</span></p> </li> <li> <p><span>компенсация занятий спортом, вне зависимости от выбранного тобой фитнес-зала;</span></p> </li> <li> <p><span>мы не приемлем скриншотов экранов, видеокамер и прочих инструментов слежения за твоей рабочей деятельностью;</span></p> </li> <li> <p><span>множество корпоративных мероприятий на любой вкус и тематику, участие в которых сугубо добровольное;</span></p> </li> <li> <p><span>изучение английского языка также будет компенсироваться компанией (индивидуальная программа обучения, удобное расписание, личный преподаватель);</span></p> </li> <li> <p><span>отсрочка от армии при наличии диплома об образовании или по истечению 11 месяцев работы;</span></p> </li> <li> <p><span>оплачиваемый отпуск и больничный по ТК;</span></p> </li> <li> <p><span>и много других бонусов от компании (фрукты, пицца, печеньки и etc)</span></p> </li> </ul> <p><em><strong><span>Что касается этапов собеседования, то здесь мы усложнять не стали: собеседование с HR, директором и оффер)))</span></strong></em></p> <p> </p></div>', 'IT-компания WelbeX ищет в свои ряды целеустремленного и проактивного проджект-менеджера на постоянную работу.\r\n\r\nМы – компания WelbeX – занимаемся разработкой сложных программных решений больше 7 лет. Сейчас у нас выполнено более 300 проектов в США, Израи', 2, 50000, 60000, 2, 'Магнит', '2022-10-25 19:30:25'),
(10, 'Менеджер по проектам', '<div><p> </p> <p><span>Компания </span><strong><span>Addamant</span></strong><span> приглашает к взаимовыгодному сотрудничеству </span><strong><span>Менеджера </span><span class=\"highlighted\">IT</span><span> проектов.</span></strong></p> <p><span>Наша команда в работе прежде всего ценит качество и профессионализм, что позволяет нам быть востребованным среди клиентов с самыми разными потребностями.</span></p> <p><span>Мы работаем в сфере разработки web-сайтов различной сложности, поэтому наша компания может предложить большой спектр услуг по созданию новых проектов и качественной поддержке действующих.</span></p> <p><strong><span>Мы ищем:</span></strong></p> <p><span>Прокаченного управленца проектами, с горящими глазами, который готов полностью погрузиться в процесс разработки различных продуктов с нуля и не только. Взять их в свои руки. За последние годы мы выросли в два раза, клиентов стало больше, проекты интересней и масштабней, поэтому мы в поиске PM с релевантным опытом в </span><span class=\"highlighted\">IT</span><span>!</span></p> <p><span>Сейчас у нас в работе крупный eCommerce, MVP-платформы, LMS и CRM, не говоря уже про проекты лендингов и обычных сайтов. По длительности проекты могут быть от месяца до нескольких лет. В нашей команде налаженная система митингов, мы вместе обсуждаем фичи и архитектуру проекта, у нас комфортная коммуникация между разработчиками и менеджерами. PM нужно брать в свои надежные руки команду и вести к успеху!</span></p> <p><strong><span>Что ляжет на твои плечи:</span></strong></p> <ul> <li><span>коммуницировать с заказчиками;</span></li> <li><span>руководство командой разработчиков на проекте;</span></li> <li><span>разработка и ведение проектной документации;</span></li> <li><span>проектная аналитика;</span></li> <li><span>контроль качества на проекте.</span></li> </ul> <p><strong><span>Что мы ожидаем:</span></strong></p> <ul> <li><span>опыт работы в качестве </span><span class=\"highlighted\">менеджера</span><span> </span><span class=\"highlighted\">проектов</span><span> в </span><span class=\"highlighted\">IT</span><span> сфере;</span></li> <li><span>внедрение новых технологий и улучшение текущих бизнес-процессов компании;</span></li> <li><span>опыт общения с клиентами, способность ясно выражать мысли, донести информацию до клиента;</span></li> <li><span>навыки предотвращения и разрешения конфликтных ситуаций с клиентами, согласования изменений бюджета и требований;</span></li> <li><span>работа с документами: договоры, технические задания, отчеты и т.д.;</span></li> <li><span>способность четко формулировать задачи для разработчиков;</span></li> <li><span>знание основ web разработки, понимание того, как работает проект, способность передать техническую информацию от разработчика клиенту в понятной для клиента форме не исказив важную информацию;</span></li> <li><span>знание основ тестирования, контроля качества;</span></li> <li><span>знание методологий ведения проектов, аналитики, контроля качества и способность адекватно применить их на проекте при возникновении необходимости.</span></li> </ul> <p><strong><span>Будем плюсом:</span></strong></p> <ul> <li><span>умение анализировать и делать выводы на основе анализа;</span></li> <li><span>умение находить компромиссы, стрессоустойчивость;</span></li> <li><span>умение отстаивать свою позицию;</span></li> <li><span>лидерские качества, мотивация людей.</span></li> </ul> <p><strong><span>Что от нас:</span></strong></p> <ul> <li> <p><span>в нашей команде ты встретишь отзывчивых и доброжелательных коллег;</span></p> </li> <li> <p><span>уют и комфорт в офисе будут обеспечены за счет учета пожеланий о твоем рабочем месте;</span></p> </li> <li> <p><span>офис в самом центре города с панорамными окнами и красивым видом с высоты;</span></p> </li> <li> <p><span>твое желание развиваться будет нами поддержано - книги из корпоративной библиотеки в свободном доступе, а если нет нужного - найдем и дополним;</span></p> </li> <li> <p><span>интересные задачи и не менее интересные клиенты станут твоей ежедневной усладой;</span></p> </li> <li> <p><span>компенсация занятий спортом, вне зависимости от выбранного тобой фитнес-зала;</span></p> </li> <li> <p><span>мы не приемлем скриншотов экранов, видеокамер и прочих инструментов слежения за твоей рабочей деятельностью;</span></p> </li> <li> <p><span>множество корпоративных мероприятий на любой вкус и тематику, участие в которых сугубо добровольное;</span></p> </li> <li> <p><span>изучение английского языка также будет компенсироваться компанией (индивидуальная программа обучения, удобное расписание, личный преподаватель);</span></p> </li> <li> <p><span>отсрочка от армии при наличии диплома об образовании или по истечению 11 месяцев работы;</span></p> </li> <li> <p><span>оплачиваемый отпуск и больничный по ТК;</span></p> </li> <li> <p><span>и много других бонусов от компании (фрукты, пицца, печеньки и etc)</span></p> </li> </ul> <p><em><strong><span>Что касается этапов собеседования, то здесь мы усложнять не стали: собеседование с HR, директором и оффер)))</span></strong></em></p> <p> </p></div>', 'IT-компания WelbeX ищет в свои ряды целеустремленного и проактивного проджект-менеджера на постоянную работу.\r\n\r\nМы – компания WelbeX – занимаемся разработкой сложных программных решений больше 7 лет. Сейчас у нас выполнено более 300 проектов в США, Израи', 1, 55000, 75000, 3, '7bits', '2022-12-20 19:30:25'),
(11, 'IT директор в компанию', 'в крупную компанию директор подразделения IT. полная занятость официальное трудоустройство.\r\n\r\nбольшое количество задач по внедрению автоматизации на предприятии', 'в крупную компанию директор подразделения IT. полная занятость официальное трудоустройство.\r\n\r\nбольшое количество задач по внедрению автоматизации на предприятии', 2, 150000, 200000, 2, 'Поликек', '2022-10-02 12:00:53'),
(12, 'Младший специалист', '<div><p>АО \"ОЭЗ ППТ \"Алабуга\" - это не просто управляющая компания ОЭЗ “Алабуга”. Мы - лидеры по мировым практикам <span class=\"highlighted\">управления</span> <span class=\"highlighted\">проектов</span> и достижениям целей федерального значения.</p> <p>«Алабуга» — это инфраструктурный партнер полного цикла, который предоставляет и создает лучшую инженерную, строительную, кадровую, социальную инфраструктуру.</p> <p>Мы ищем сотрудников, которые готовы реализовывать проекты мирового уровня вместе с нам.<br>МЫ ВЫБИРАЕМ ЛУЧШИХ предъявляя жесткие требования и предоставляя лучшие условия.</p> <p><strong>ЧЕМ ПРЕДСТОИТ ЗАНИМАТЬСЯ:</strong></p> <ul> <li>реализация крупных инвестиционных проектов в следующих направлениях: запуск производств по индустрии 4.0, строительство, эксплуатация промышленных и социальных объектов, разработка проектных концепций, <span class=\"highlighted\">IT</span>, образование;</li> </ul> <ul> <li>обучение и передача опыта студентам инженерного колледжа индустрии 4.0 \"Алабуга Политех\".</li> </ul> <p><strong>ЧТО ДЛЯ НАС ВАЖНО:</strong></p> <ul> <li><strong>готовность к переезду в г. Елабуга (Татарстан).</strong></li> <li>высокий уровень аналитических навыков;</li> <li>высокий уровень навыка ведения переговоров;</li> <li>стремление к большему (стремление создавать и развивать отечественное производство, карьерный рост, материальные блага и т.д.);</li> <li>высокая вера в проект;</li> <li>личная ответственность за финансовые показатели проекта.</li> </ul> <p><strong>МЫ ПРЕДЛАГАЕМ:</strong></p> <ul> <li>стратегические задачи мирового уровня;</li> <li>требования к персоналу мирового уровня;</li> <li>вознаграждение за результат мирового уровня;</li> <li>быстрый рост до ТОП-менеджера компании;</li> <li>управление многомиллионным бюджетом проектов;</li> <li>развитие в командах профессионалов, которые готовы делиться опытом;</li> <li>развитую корпоративную культуру;</li> <li>спортивные и киберспортивные мероприятия;</li> <li>ненормированный рабочий график;</li> <li>трансфер до места работы;</li> <li>ДМС.</li> </ul></div>', 'АО \"ОЭЗ ППТ \"Алабуга\" - это не просто управляющая компания ОЭЗ “Алабуга”. Мы - лидеры по мировым практикам управления проектов и достижениям целей федерального значения.', 1, 15000, 19000, 2, 'Алабуга', '2023-01-01 10:12:40'),
(13, 'Менеджер пункта выдачи заказов', '<div><div><p><b>Карьера. Саморазвитие. Яркая жизнь</b></p><p>Siberian Wellness&nbsp;— больше, чем просто производственная компания с&nbsp;25-летней историей. Это&nbsp;— международный бренд, чьи продукты любят Клиенты в&nbsp;более чем 60&nbsp;странах мира. А&nbsp;сотни тысяч предпринимателей в&nbsp;Европе, Азии, Америке, ведут бизнес с&nbsp;нами. Мы&nbsp;производим биологически активные добавки, витамины, косметику, парфюмерию, спортивное и&nbsp;функциональное питание для активного образа жизни и&nbsp;отличного самочувствия. Мы&nbsp;стремительно развиваемся, и&nbsp;не&nbsp;боимся ломать привычные рамки и&nbsp;стереотипы. И&nbsp;ждём в&nbsp;свою команду талантливого и&nbsp;амбициозного профессионала</p><p><b>О компании</b></p><p><i>Полный цикл&nbsp;— разработка, собственное производство, продвижение и&nbsp;продажи</i><br><br> Мы&nbsp;имеем собственные торговые представительства в&nbsp;17&nbsp;странах, торговые представительства по&nbsp;франчайзингу в&nbsp;10&nbsp;странах,5&nbsp;распределительных центров, фирменную сеть из&nbsp;99&nbsp;офлайн-магазинов и&nbsp;16&nbsp;интернет-магазинов, а&nbsp;также 1285&nbsp;магазинов, работающих с&nbsp;нами по&nbsp;франчайзингу.</p></div><div class=\"l-paddings b-vacancy-desc\"><div class=\"vacancy-branded-user-content\" itemprop=\"description\" data-qa=\"vacancy-description\"><p><strong>Что нужно делать:</strong></p> <ul> <li>Поддерживать высокий уровень сервисного обслуживания клиентов.</li> <li>Создавать доброжелательную атмосферу для покупателей.</li> <li>Выдавать заказы клиентам.</li> <li>Размещение заказов в зоне хранения.</li> <li>Рассчитывать покупателей на кассе.</li> <li>Участвовать в проведении инвентаризации один раз в месяц.</li> </ul> <p> </p> <p><strong>Что мы предлагаем:</strong></p> <ul> <li>Гарантированный оклад 25 000 на руки + ежемесячные премии (KPI).</li> <li>Официальное трудоустройство, отпуск, больничный и все-все-все по ТК РФ.</li> <li>Сменный график работы ( с 10:00 до 20:00).</li> <li>Корпоративное обучение.</li> <li>Скидку 50% на продукцию Компании.</li> <li>Работу в большой и дружной команде единомышленников.</li> </ul> <p><strong>Мы надеемся, что ты:</strong></p> <ul> <li>Хочешь работать и зарабатывать;</li> <li>Настроен позитивно и открыт к общению;</li> <li>Коммуникабелен и доброжелателен;</li> <li>Ответственно подходишь к работе</li> </ul></div></div><div></div>\r\n</div>', 'Siberian Wellness — больше, чем просто производственная компания с 25-летней историей. Это — международный бренд, чьи продукты любят Клиенты в более чем 60 странах мира. А сотни тысяч предпринимателей в Европе, Азии, Америке, ведут бизнес с нами. Мы произ', 3, 25000, 30000, 2, 'WillNess', '2022-09-01 10:12:40'),
(14, 'Чертёжник/помощник дизайнера', '<div class=\"g-user-content\" data-qa=\"vacancy-description\"><p><strong><span>Кто мы?</span></strong></p> <p><strong><span>Лидеры среди кофеен третьей волны в России. Готовим вкусный кофе на лучшем оборудовании, заморочены на натуральности и ищем в команду классных ребят. Фанаты крутого сервиса, дорожим нашей внутренней культурой, делимся знаниями и меняем кофейный рынок.</span></strong></p> <p><strong><span>Также у нас есть 2 обжарочных производства и сеть кофеен в 7 городах России: в Омске, в Москве, в Петербурге, в Казани, в Нижнем Новгороде, в Новосибирске и в Самаре. Все это мы развиваем своими силами и не продаем франшизу.</span></strong></p> <p><strong><span>А еще мы команда, отношения в которой строятся на взаимном доверии, уважении и любви к кофе и к гостям.</span></strong></p> <p><strong><span>Друзья, мы ищем помощника дизайнера в нашу команду Skuratov Coffee!</span></strong></p> <p> </p> <p><strong><span>Требования:</span></strong></p> <ul> <li><span>Технический склад ума и конструкторское мышление :)</span></li> <li><span>Умеешь читать чертежи (разделы АР, КР, знаешь что такое проекции, изометрия, сложные объекты можешь показать через сечение и понимаешь как их сделать информативными;</span></li> <li><span>Умеешь работать в AutoCAD, SketchUp, Lay Out или Revit.</span></li> </ul> <ul> </ul> <p><strong><span>Что будет входить в обязанности:</span></strong></p> <ul> <li><span>Разработка вместе с дизайнером проектов кофеен (план обмера, демонтажа, монтажа, закладных, водоснабжения, электрики, развертки стен, уличная вывеска, комплектование в оформленный проект);</span></li> <li><span>Разработка чертежей мебели и конструкций бара и отражение информации в ТЗ для производителя (для бара: столешницы, комоды, металлический каркас, фасады; мебель: столы, лавки, тумбы, полки и т.д.).</span></li> </ul> <p><strong><span>Что мы предлагаем:</span></strong></p> <ul> <li><span>Полную занятость 5 дней в неделю. Рабочий день можно составлять </span><strong><span>в комфортном графике.</span></strong></li> <li><strong><span>Офис в центре города </span></strong><span>по адресу ул. Больничный переулок, 6.</span></li> <li><strong><span>Стабильную заработную плату. </span></strong><span>Выплаты два раза в месяц.</span></li> <li><span>У нас нет штрафов, вычетов и адского контроля. Все просто: мы доверяем всем, кто работает у нас.</span></li> <li><strong><span>Оплачиваемые больничный и отпуск.</span></strong></li> <li><strong><span>Корпоративное обучение.</span></strong></li> <li><span>Единственный способ получить скидку на нашу продукцию (карту сотрудника):</span><strong><span> скидка до 50%</span></strong><span> на кофе в зернах, напитки, еду и мерч.</span></li> <li> <p><span>И наше главное преимущество — </span><strong><span>корпоративная культура! </span></strong><span>Это больше, чем атмосфера и любые слова в этом мире. А еще, это первое, что вы почувствуете, как только станете частью нашей большой команды.</span></p> </li> </ul></div>', 'Лидеры среди кофеен третьей волны в России. Готовим вкусный кофе на лучшем оборудовании, заморочены на натуральности и ищем в команду классных ребят. Фанаты крутого сервиса, дорожим нашей внутренней культурой, делимся знаниями и меняем кофейный рынок.', 3, 28000, 32000, 2, 'Scuratob', '2022-12-01 10:12:40'),
(15, 'Врач-цитолог', '<div><p><strong><span>Группа компаний «МедЛаб» - одна из крупнейших медицинских компаний Российской Федерации, имеющая несколько комплексов современной клинико-диагностической лаборатории, осуществляющую выполнение всех видов лабораторных исследований, сеть заборных пунктов для сдачи анализов, современный многопрофильный медицинский центр, логистическую компанию, благотворительный фонд. Нашей компании уже больше 10 лет и мы уверенно смотрим в завтрашний день. </span></strong></p> <p><span>На сегодняшний день у нас открыта вакансия </span><span class=\"highlighted\">врача</span><span> - цитолога:</span></p> <p><strong><span>Обязанности:</span></strong></p> <ul> <li><span>Проводит лабораторные исследования в соответствии со стандартом медицинской помощи.</span></li> <li><span>Осуществляет мероприятия по обеспечению и контролю качества лабораторных исследований на преаналитическом, аналитическом и постаналитическом этапах.</span></li> <li><span>Осваивает и внедряет новые методы лабораторных исследований и оборудования.</span></li> <li><span>Ведет медицинскую документацию в установленном порядке.</span></li> </ul> <p><strong><span>Требования:</span></strong></p> <ul> <li><span>Высшее медицинское профильное образование, наличие действующего сертификата.</span></li> <li><span>Опыт работы в качестве </span><span class=\"highlighted\">врача</span><span>-цитолога;</span></li> <li><span>Уверенный пользователь ПК.</span></li> <li><span>Умение работать в команде, развитое клиническое мышление, работоспособность, ответственность.</span></li> </ul> <p><strong><span>Условия:</span></strong></p> <ul> <li><span>Достойный уровень оплаты труда;</span></li> </ul> <ul> <li><span>Трудоустройство согласно ТК РФ;</span></li> <li><span>Полный соц. пакет;</span></li> <li><span>Своевременная выплата заработной платы 2 раза в месяц;</span></li> </ul></div>', 'Группа компаний «МедЛаб» - одна из крупнейших медицинских компаний Российской Федерации, имеющая несколько комплексов современной клинико-диагностической лаборатории, осуществляющую выполнение всех видов лабораторных исследований, сеть заборных пунктов дл', 4, 100000, 150000, 2, 'Медлаб', '2022-12-05 10:12:40'),
(16, 'Врач-паталогоанатом', '<div class=\"g-user-content\" data-qa=\"vacancy-description\"><p><strong><span>Группа компаний «МедЛаб» - одна из крупнейших медицинских компаний Российской Федерации, имеющая несколько комплексов современной клинико-диагностической лаборатории, осуществляющую выполнение всех видов лабораторных исследований, сеть заборных пунктов для сдачи анализов, современный многопрофильный медицинский центр, логистическую компанию, благотворительный фонд. Нашей компании уже больше 10 лет и мы уверенно смотрим в завтрашний день. </span></strong></p> <p><span>На сегодняшний день у нас открыта вакансия </span><span class=\"highlighted\">врача</span><span> – патологоанатома:</span></p> <p><strong><span>Обязанности:</span></strong></p> <ul> <li><span>Проведение патологоанатомических исследований в целях определения диагноза заболевания, мероприятий по лечению пациента;</span></li> <li><span>Проведение прижизненных патологоанатомических исследований биопсийного (операционного) материала;</span></li> <li><span>Проведение анализа медико-статистической информации, ведение медицинской документации;</span></li> </ul> <p><strong><span>Требования:</span></strong></p> <ul> <li><span>высшее образование - специалитет по одной из специальностей: \"Лечебное дело\", \"Педиатрия\" и подготовка в интернатуре и (или) ординатуре по специальности \"Патологическая анатомия\" или профессиональная переподготовка по специальности \"Патологическая анатомия\" при наличии подготовки в интернатуре и (или) ординатуре по определенным специальностям;</span></li> <li><span>сертификат специалиста или свидетельство об аккредитации специалиста по специальности «Патологическая анатомия».</span></li> </ul> <p><strong><span>Условия:</span></strong></p> <ul> <li><span>работа в клинико-диагностической лаборатории;</span></li> </ul> <ul> <li><span>достойный уровень оплаты труда;</span></li> <li><span>трудоустройство согласно ТК РФ;</span></li> </ul> <ul> <li><span>полный соц. пакет;</span></li> <li><span>своевременная выплата заработной платы 2 раза в месяц;</span></li> </ul></div>', 'Группа компаний «МедЛаб» - одна из крупнейших медицинских компаний Российской Федерации, имеющая несколько комплексов современной клинико-диагностической лаборатории, осуществляющую выполнение всех видов лабораторных исследований, сеть заборных пунктов дл', 4, 100000, 178000, 2, 'Медлаб', '2022-12-08 10:12:40'),
(17, 'Педагог - наставник', '<div class=\"g-user-content\" data-qa=\"vacancy-description\"><strong><span>Обязанности:</span></strong> <ul> <li><span></span><span class=\"highlighted\">Педагог</span><span>-наставник ведет вверенный ему коллектив детей. Проводит с ними активные перемены, сопровождает на занятия, помогает решать все вопросы и задачи школьника в течение дня, организует занятия во внеурочную деятельность, контролирует выполнение домашнего задания.</span></li> <li><span>производит анализ личности и интересов школьников средней школы (5-8 кл);</span></li> <li><span>мотивирует школьников на участие в проектной и научно-исследовательской деятельности;</span></li> <li><span>участвует в проведении встреч с родителями для обсуждения плана обучения, его корректировки и анализа результатов.</span></li> <li><span>активно участвует в школьных мероприятиях, инициативность приветствуется.</span></li> <li><span>гуляет с детьми на территории учреждения, возможны организованные выезды на экскурсии.</span></li> </ul> <strong><span>Требования:</span></strong> <ul> <li><span>желательно педагогическое или психолого-педагогическое образование.</span></li> <li><span>наличие медицинской книжки.</span></li> <li><span>ответственное отношение к должности.</span></li> </ul> <strong><span>Условия:</span></strong> <ul> <li><span>график работы 52</span></li> <li><span>рабочий день с 11:00 до 19:00</span></li> <li><span>возможно 4 разовое питание в учреждении( 150 руб день)</span></li> </ul></div>', 'Педагог-наставник ведет вверенный ему коллектив детей. Проводит с ними активные перемены, сопровождает на занятия, помогает решать все вопросы и...\r\nЖелательно педагогическое или психолого-педагогическое образование. Наличие медицинской книжки. Ответствен', 5, 45000, 50000, 2, 'ОАО Единство', '2023-01-08 10:12:40'),
(18, 'Руководитель отдела IT в Москве', '<div><p><strong><span>Обязанности:</span></strong></p> <ul> <li><span>Руководство отделом </span><span class=\"highlighted\">IT</span><span></span></li> <li><span>Обеспечение бесперебойного функционирования </span><span class=\"highlighted\">IT</span><span>-оборудования офиса и торговых точек</span></li> <li><span>Принятие оперативных мер по устранению неполадок</span></li> <li><span>Управление </span><span class=\"highlighted\">IT</span><span>- сферой организации на основе разработанных регламентов</span></li> </ul> <p><strong><span>Требования:</span></strong></p> <ul> <li><span>Опыт руководителем </span><span class=\"highlighted\">IT</span><span>-отдела от 1 года.</span></li> <li><span>Способность самостоятельно принимать и обосновывать технические решения по IТ инфраструктуре компании.</span></li> <li><span>Понимание принципов информационной безопасности и основных средств ее обеспечения; резервного копирования; антивирусной защиты и т.д.</span></li> <li><span>Навыки администрирования серверов‚ локальных сетей‚ поддержки рабочих станций и пользователей.</span></li> <li><span>Энергичность, внедрение новых разработок в </span><span class=\"highlighted\">IT</span><span>, стрессоустойчивость.</span></li> <li><span>Опыт и навыки работы с активным сетевым оборудованием.</span></li> </ul> <p><strong><span>Условия:</span></strong></p> <ul> <li><span>Работа в стабильной и развивающейся компании, заинтересованной в росте своих сотрудников;</span></li> <li><span>Активное развитие на выездных тренингах и семинарах, сертификации за счёт компании – это отличные возможности для профессионального и карьерного роста;</span></li> <li><span>Возможность чтения литературы из корпоративной библиотеки;</span></li> <li><span>Комфортный современный офис и дружный коллектив;</span></li> <li><span>Интересные праздничные мероприятия, поздравления со значимыми событиями, подарки детям на Новый Год;</span></li> <li><span>Бесплатное корпоративное питание и частичная оплата мобильной связи;</span></li> <li><span>Собственная бесплатная парковка;</span></li> <li><span>Официальное трудоустройство по ТК РФ.</span></li> </ul></div>', 'Работа в крупной компании. Хорошие условия и зарплата', 2, 120000, 130000, 1, 'Wildberries', '2022-12-01 09:57:01'),
(19, 'Стажер в отдел IT в Москве', '<div><p><span>Мы приглашаем студентов 3-4-го курса бакалавриата или 1-2 курса магистратуры на стажировку в отделе </span><span class=\"highlighted\">IT</span><span></span></p> <p><strong><span>Наши преимущества:</span></strong></p> <ul> <li><span>Работа в офисе</span></li> <li><span>Возможность получать опыт и знания напрямую от специалистов отдела </span><span class=\"highlighted\">IT</span><span></span></li> <li><span>Перспектива быстро набраться опыта и знаний.</span></li> </ul> <p><strong><span>Обязанности:</span></strong></p> <ul> <li><span>На первых порах Вы будете:</span><br><span>- Набираться опыта на несложных задачах;</span><br><span>- Консультировать пользователей, помогать в решение текущих проблем;</span></li> </ul> <p><strong><span>Требования:</span></strong><span>​​​​</span></p> <ul> <li><span>Аналитический склад ума;</span></li> <li><span>Быстрое обучение и умение находить недостающую информацию;</span></li> <li><span>Готовность много работать и много учиться одновременно;</span></li> <li><span>Хорошие коммуникативные навыки.</span></li> <li><span>Личностные качества: ответственность, инициативность, честность, доброжелательность</span></li> </ul> <p><strong><span>Условия:</span></strong></p> <ul> <li><span>Комфортный офис на ул. Коммунистическая, д.70 корп.3 стр.1</span></li> <li><span>Обучение и сертификация за счет компании</span></li> <li><span>Оформление по ТК РФ, полностью белая з/п.</span></li> <li><span>Пятидневная рабочая неделя с 9-00 до 18-00 .</span></li> </ul></div>', 'Мы приглашаем студентов 3-4-го курса бакалавриата или 1-2 курса магистратуры на стажировку в отделе IT', 2, 35000, 65000, 1, 'Магнит', '2022-12-17 12:23:59'),
(20, 'Менеджер по проектам в Москве', '<div><p> </p> <p><span>Компания </span><strong><span>Addamant</span></strong><span> приглашает к взаимовыгодному сотрудничеству </span><strong><span>Менеджера </span><span class=\"highlighted\">IT</span><span> проектов.</span></strong></p> <p><span>Наша команда в работе прежде всего ценит качество и профессионализм, что позволяет нам быть востребованным среди клиентов с самыми разными потребностями.</span></p> <p><span>Мы работаем в сфере разработки web-сайтов различной сложности, поэтому наша компания может предложить большой спектр услуг по созданию новых проектов и качественной поддержке действующих.</span></p> <p><strong><span>Мы ищем:</span></strong></p> <p><span>Прокаченного управленца проектами, с горящими глазами, который готов полностью погрузиться в процесс разработки различных продуктов с нуля и не только. Взять их в свои руки. За последние годы мы выросли в два раза, клиентов стало больше, проекты интересней и масштабней, поэтому мы в поиске PM с релевантным опытом в </span><span class=\"highlighted\">IT</span><span>!</span></p> <p><span>Сейчас у нас в работе крупный eCommerce, MVP-платформы, LMS и CRM, не говоря уже про проекты лендингов и обычных сайтов. По длительности проекты могут быть от месяца до нескольких лет. В нашей команде налаженная система митингов, мы вместе обсуждаем фичи и архитектуру проекта, у нас комфортная коммуникация между разработчиками и менеджерами. PM нужно брать в свои надежные руки команду и вести к успеху!</span></p> <p><strong><span>Что ляжет на твои плечи:</span></strong></p> <ul> <li><span>коммуницировать с заказчиками;</span></li> <li><span>руководство командой разработчиков на проекте;</span></li> <li><span>разработка и ведение проектной документации;</span></li> <li><span>проектная аналитика;</span></li> <li><span>контроль качества на проекте.</span></li> </ul> <p><strong><span>Что мы ожидаем:</span></strong></p> <ul> <li><span>опыт работы в качестве </span><span class=\"highlighted\">менеджера</span><span> </span><span class=\"highlighted\">проектов</span><span> в </span><span class=\"highlighted\">IT</span><span> сфере;</span></li> <li><span>внедрение новых технологий и улучшение текущих бизнес-процессов компании;</span></li> <li><span>опыт общения с клиентами, способность ясно выражать мысли, донести информацию до клиента;</span></li> <li><span>навыки предотвращения и разрешения конфликтных ситуаций с клиентами, согласования изменений бюджета и требований;</span></li> <li><span>работа с документами: договоры, технические задания, отчеты и т.д.;</span></li> <li><span>способность четко формулировать задачи для разработчиков;</span></li> <li><span>знание основ web разработки, понимание того, как работает проект, способность передать техническую информацию от разработчика клиенту в понятной для клиента форме не исказив важную информацию;</span></li> <li><span>знание основ тестирования, контроля качества;</span></li> <li><span>знание методологий ведения проектов, аналитики, контроля качества и способность адекватно применить их на проекте при возникновении необходимости.</span></li> </ul> <p><strong><span>Будем плюсом:</span></strong></p> <ul> <li><span>умение анализировать и делать выводы на основе анализа;</span></li> <li><span>умение находить компромиссы, стрессоустойчивость;</span></li> <li><span>умение отстаивать свою позицию;</span></li> <li><span>лидерские качества, мотивация людей.</span></li> </ul> <p><strong><span>Что от нас:</span></strong></p> <ul> <li> <p><span>в нашей команде ты встретишь отзывчивых и доброжелательных коллег;</span></p> </li> <li> <p><span>уют и комфорт в офисе будут обеспечены за счет учета пожеланий о твоем рабочем месте;</span></p> </li> <li> <p><span>офис в самом центре города с панорамными окнами и красивым видом с высоты;</span></p> </li> <li> <p><span>твое желание развиваться будет нами поддержано - книги из корпоративной библиотеки в свободном доступе, а если нет нужного - найдем и дополним;</span></p> </li> <li> <p><span>интересные задачи и не менее интересные клиенты станут твоей ежедневной усладой;</span></p> </li> <li> <p><span>компенсация занятий спортом, вне зависимости от выбранного тобой фитнес-зала;</span></p> </li> <li> <p><span>мы не приемлем скриншотов экранов, видеокамер и прочих инструментов слежения за твоей рабочей деятельностью;</span></p> </li> <li> <p><span>множество корпоративных мероприятий на любой вкус и тематику, участие в которых сугубо добровольное;</span></p> </li> <li> <p><span>изучение английского языка также будет компенсироваться компанией (индивидуальная программа обучения, удобное расписание, личный преподаватель);</span></p> </li> <li> <p><span>отсрочка от армии при наличии диплома об образовании или по истечению 11 месяцев работы;</span></p> </li> <li> <p><span>оплачиваемый отпуск и больничный по ТК;</span></p> </li> <li> <p><span>и много других бонусов от компании (фрукты, пицца, печеньки и etc)</span></p> </li> </ul> <p><em><strong><span>Что касается этапов собеседования, то здесь мы усложнять не стали: собеседование с HR, директором и оффер)))</span></strong></em></p> <p> </p></div>', 'IT-компания WelbeX ищет в свои ряды целеустремленного и проактивного проджект-менеджера на постоянную работу.\r\n\r\nМы – компания WelbeX – занимаемся разработкой сложных программных решений больше 7 лет. Сейчас у нас выполнено более 300 проектов в США, Израи', 1, 55000, 75000, 1, '7bits', '2022-12-20 19:30:25'),
(21, 'Педагог - наставник в Москве', '<div class=\"g-user-content\" data-qa=\"vacancy-description\"><strong><span>Обязанности:</span></strong> <ul> <li><span></span><span class=\"highlighted\">Педагог</span><span>-наставник ведет вверенный ему коллектив детей. Проводит с ними активные перемены, сопровождает на занятия, помогает решать все вопросы и задачи школьника в течение дня, организует занятия во внеурочную деятельность, контролирует выполнение домашнего задания.</span></li> <li><span>производит анализ личности и интересов школьников средней школы (5-8 кл);</span></li> <li><span>мотивирует школьников на участие в проектной и научно-исследовательской деятельности;</span></li> <li><span>участвует в проведении встреч с родителями для обсуждения плана обучения, его корректировки и анализа результатов.</span></li> <li><span>активно участвует в школьных мероприятиях, инициативность приветствуется.</span></li> <li><span>гуляет с детьми на территории учреждения, возможны организованные выезды на экскурсии.</span></li> </ul> <strong><span>Требования:</span></strong> <ul> <li><span>желательно педагогическое или психолого-педагогическое образование.</span></li> <li><span>наличие медицинской книжки.</span></li> <li><span>ответственное отношение к должности.</span></li> </ul> <strong><span>Условия:</span></strong> <ul> <li><span>график работы 5\\2</span></li> <li><span>рабочий день с 11:00 до 19:00</span></li> <li><span>возможно 4 разовое питание в учреждении( 150 руб день)</span></li> </ul></div>', 'Педагог-наставник ведет вверенный ему коллектив детей. Проводит с ними активные перемены, сопровождает на занятия, помогает решать все вопросы и...\r\nЖелательно педагогическое или психолого-педагогическое образование. Наличие медицинской книжки. Ответствен', 5, 45000, 50000, 1, 'ОАО Единство', '2022-01-08 10:12:40'),
(22, 'Врач-паталогоанатом в Москве', '<div class=\"g-user-content\" data-qa=\"vacancy-description\"><p><strong><span>Группа компаний «МедЛаб» - одна из крупнейших медицинских компаний Российской Федерации, имеющая несколько комплексов современной клинико-диагностической лаборатории, осуществляющую выполнение всех видов лабораторных исследований, сеть заборных пунктов для сдачи анализов, современный многопрофильный медицинский центр, логистическую компанию, благотворительный фонд. Нашей компании уже больше 10 лет и мы уверенно смотрим в завтрашний день. </span></strong></p> <p><span>На сегодняшний день у нас открыта вакансия </span><span class=\"highlighted\">врача</span><span> – патологоанатома:</span></p> <p><strong><span>Обязанности:</span></strong></p> <ul> <li><span>Проведение патологоанатомических исследований в целях определения диагноза заболевания, мероприятий по лечению пациента;</span></li> <li><span>Проведение прижизненных патологоанатомических исследований биопсийного (операционного) материала;</span></li> <li><span>Проведение анализа медико-статистической информации, ведение медицинской документации;</span></li> </ul> <p><strong><span>Требования:</span></strong></p> <ul> <li><span>высшее образование - специалитет по одной из специальностей: \"Лечебное дело\", \"Педиатрия\" и подготовка в интернатуре и (или) ординатуре по специальности \"Патологическая анатомия\" или профессиональная переподготовка по специальности \"Патологическая анатомия\" при наличии подготовки в интернатуре и (или) ординатуре по определенным специальностям;</span></li> <li><span>сертификат специалиста или свидетельство об аккредитации специалиста по специальности «Патологическая анатомия».</span></li> </ul> <p><strong><span>Условия:</span></strong></p> <ul> <li><span>работа в клинико-диагностической лаборатории;</span></li> </ul> <ul> <li><span>достойный уровень оплаты труда;</span></li> <li><span>трудоустройство согласно ТК РФ;</span></li> </ul> <ul> <li><span>полный соц. пакет;</span></li> <li><span>своевременная выплата заработной платы 2 раза в месяц;</span></li> </ul></div>', 'Группа компаний «МедЛаб» - одна из крупнейших медицинских компаний Российской Федерации, имеющая несколько комплексов современной клинико-диагностической лаборатории, осуществляющую выполнение всех видов лабораторных исследований, сеть заборных пунктов дл', 4, 100000, 178000, 1, 'Медлаб', '2022-02-08 10:12:40'),
(23, 'Врач-цитолог в Москве', '<div><p><strong><span>Группа компаний «МедЛаб» - одна из крупнейших медицинских компаний Российской Федерации, имеющая несколько комплексов современной клинико-диагностической лаборатории, осуществляющую выполнение всех видов лабораторных исследований, сеть заборных пунктов для сдачи анализов, современный многопрофильный медицинский центр, логистическую компанию, благотворительный фонд. Нашей компании уже больше 10 лет и мы уверенно смотрим в завтрашний день. </span></strong></p> <p><span>На сегодняшний день у нас открыта вакансия </span><span class=\"highlighted\">врача</span><span> - цитолога:</span></p> <p><strong><span>Обязанности:</span></strong></p> <ul> <li><span>Проводит лабораторные исследования в соответствии со стандартом медицинской помощи.</span></li> <li><span>Осуществляет мероприятия по обеспечению и контролю качества лабораторных исследований на преаналитическом, аналитическом и постаналитическом этапах.</span></li> <li><span>Осваивает и внедряет новые методы лабораторных исследований и оборудования.</span></li> <li><span>Ведет медицинскую документацию в установленном порядке.</span></li> </ul> <p><strong><span>Требования:</span></strong></p> <ul> <li><span>Высшее медицинское профильное образование, наличие действующего сертификата.</span></li> <li><span>Опыт работы в качестве </span><span class=\"highlighted\">врача</span><span>-цитолога;</span></li> <li><span>Уверенный пользователь ПК.</span></li> <li><span>Умение работать в команде, развитое клиническое мышление, работоспособность, ответственность.</span></li> </ul> <p><strong><span>Условия:</span></strong></p> <ul> <li><span>Достойный уровень оплаты труда;</span></li> </ul> <ul> <li><span>Трудоустройство согласно ТК РФ;</span></li> <li><span>Полный соц. пакет;</span></li> <li><span>Своевременная выплата заработной платы 2 раза в месяц;</span></li> </ul></div>', 'Группа компаний «МедЛаб» - одна из крупнейших медицинских компаний Российской Федерации, имеющая несколько комплексов современной клинико-диагностической лаборатории, осуществляющую выполнение всех видов лабораторных исследований, сеть заборных пунктов дл', 4, 100000, 150000, 1, 'Медлаб', '2022-05-05 10:12:40');
INSERT INTO `vacancy` (`id`, `title`, `description`, `description_short`, `spec_id`, `salary_min`, `salary_max`, `region_id`, `company_name`, `date_create`) VALUES
(24, 'Чертёжник/помощник дизайнера в Москве', '<div class=\"g-user-content\" data-qa=\"vacancy-description\"><p><strong><span>Кто мы?</span></strong></p> <p><strong><span>Лидеры среди кофеен третьей волны в России. Готовим вкусный кофе на лучшем оборудовании, заморочены на натуральности и ищем в команду классных ребят. Фанаты крутого сервиса, дорожим нашей внутренней культурой, делимся знаниями и меняем кофейный рынок.</span></strong></p> <p><strong><span>Также у нас есть 2 обжарочных производства и сеть кофеен в 7 городах России: в Омске, в Москве, в Петербурге, в Казани, в Нижнем Новгороде, в Новосибирске и в Самаре. Все это мы развиваем своими силами и не продаем франшизу.</span></strong></p> <p><strong><span>А еще мы команда, отношения в которой строятся на взаимном доверии, уважении и любви к кофе и к гостям.</span></strong></p> <p><strong><span>Друзья, мы ищем помощника дизайнера в нашу команду Skuratov Coffee!</span></strong></p> <p> </p> <p><strong><span>Требования:</span></strong></p> <ul> <li><span>Технический склад ума и конструкторское мышление :)</span></li> <li><span>Умеешь читать чертежи (разделы АР, КР, знаешь что такое проекции, изометрия, сложные объекты можешь показать через сечение и понимаешь как их сделать информативными;</span></li> <li><span>Умеешь работать в AutoCAD, SketchUp, Lay Out или Revit.</span></li> </ul> <ul> </ul> <p><strong><span>Что будет входить в обязанности:</span></strong></p> <ul> <li><span>Разработка вместе с дизайнером проектов кофеен (план обмера, демонтажа, монтажа, закладных, водоснабжения, электрики, развертки стен, уличная вывеска, комплектование в оформленный проект);</span></li> <li><span>Разработка чертежей мебели и конструкций бара и отражение информации в ТЗ для производителя (для бара: столешницы, комоды, металлический каркас, фасады; мебель: столы, лавки, тумбы, полки и т.д.).</span></li> </ul> <p><strong><span>Что мы предлагаем:</span></strong></p> <ul> <li><span>Полную занятость 5 дней в неделю. Рабочий день можно составлять </span><strong><span>в комфортном графике.</span></strong></li> <li><strong><span>Офис в центре города </span></strong><span>по адресу ул. Больничный переулок, 6.</span></li> <li><strong><span>Стабильную заработную плату. </span></strong><span>Выплаты два раза в месяц.</span></li> <li><span>У нас нет штрафов, вычетов и адского контроля. Все просто: мы доверяем всем, кто работает у нас.</span></li> <li><strong><span>Оплачиваемые больничный и отпуск.</span></strong></li> <li><strong><span>Корпоративное обучение.</span></strong></li> <li><span>Единственный способ получить скидку на нашу продукцию (карту сотрудника):</span><strong><span> скидка до 50%</span></strong><span> на кофе в зернах, напитки, еду и мерч.</span></li> <li> <p><span>И наше главное преимущество — </span><strong><span>корпоративная культура! </span></strong><span>Это больше, чем атмосфера и любые слова в этом мире. А еще, это первое, что вы почувствуете, как только станете частью нашей большой команды.</span></p> </li> </ul></div>', 'Лидеры среди кофеен третьей волны в России. Готовим вкусный кофе на лучшем оборудовании, заморочены на натуральности и ищем в команду классных ребят. Фанаты крутого сервиса, дорожим нашей внутренней культурой, делимся знаниями и меняем кофейный рынок.', 3, 28000, 32000, 1, 'Scuratob', '2022-08-01 10:12:40'),
(25, 'Менеджер пункта выдачи заказов в Москве', '<div><div><p><b>Карьера. Саморазвитие. Яркая жизнь</b></p><p>Siberian Wellness&nbsp;— больше, чем просто производственная компания с&nbsp;25-летней историей. Это&nbsp;— международный бренд, чьи продукты любят Клиенты в&nbsp;более чем 60&nbsp;странах мира. А&nbsp;сотни тысяч предпринимателей в&nbsp;Европе, Азии, Америке, ведут бизнес с&nbsp;нами. Мы&nbsp;производим биологически активные добавки, витамины, косметику, парфюмерию, спортивное и&nbsp;функциональное питание для активного образа жизни и&nbsp;отличного самочувствия. Мы&nbsp;стремительно развиваемся, и&nbsp;не&nbsp;боимся ломать привычные рамки и&nbsp;стереотипы. И&nbsp;ждём в&nbsp;свою команду талантливого и&nbsp;амбициозного профессионала</p><p><b>О компании</b></p><p><i>Полный цикл&nbsp;— разработка, собственное производство, продвижение и&nbsp;продажи</i><br><br> Мы&nbsp;имеем собственные торговые представительства в&nbsp;17&nbsp;странах, торговые представительства по&nbsp;франчайзингу в&nbsp;10&nbsp;странах,5&nbsp;распределительных центров, фирменную сеть из&nbsp;99&nbsp;офлайн-магазинов и&nbsp;16&nbsp;интернет-магазинов, а&nbsp;также 1285&nbsp;магазинов, работающих с&nbsp;нами по&nbsp;франчайзингу.</p></div><div class=\"l-paddings b-vacancy-desc\"><div class=\"vacancy-branded-user-content\" itemprop=\"description\" data-qa=\"vacancy-description\"><p><strong>Что нужно делать:</strong></p> <ul> <li>Поддерживать высокий уровень сервисного обслуживания клиентов.</li> <li>Создавать доброжелательную атмосферу для покупателей.</li> <li>Выдавать заказы клиентам.</li> <li>Размещение заказов в зоне хранения.</li> <li>Рассчитывать покупателей на кассе.</li> <li>Участвовать в проведении инвентаризации один раз в месяц.</li> </ul> <p> </p> <p><strong>Что мы предлагаем:</strong></p> <ul> <li>Гарантированный оклад 25 000 на руки + ежемесячные премии (KPI).</li> <li>Официальное трудоустройство, отпуск, больничный и все-все-все по ТК РФ.</li> <li>Сменный график работы ( с 10:00 до 20:00).</li> <li>Корпоративное обучение.</li> <li>Скидку 50% на продукцию Компании.</li> <li>Работу в большой и дружной команде единомышленников.</li> </ul> <p><strong>Мы надеемся, что ты:</strong></p> <ul> <li>Хочешь работать и зарабатывать;</li> <li>Настроен позитивно и открыт к общению;</li> <li>Коммуникабелен и доброжелателен;</li> <li>Ответственно подходишь к работе</li> </ul></div></div><div></div>\r\n</div>', 'Siberian Wellness — больше, чем просто производственная компания с 25-летней историей. Это — международный бренд, чьи продукты любят Клиенты в более чем 60 странах мира. А сотни тысяч предпринимателей в Европе, Азии, Америке, ведут бизнес с нами. Мы произ', 3, 25000, 30000, 1, 'WillNess', '2022-08-01 10:12:40');

--
-- Индексы сохранённых таблиц
--

--
-- Индексы таблицы `company`
--
ALTER TABLE `company`
  ADD PRIMARY KEY (`id`),
  ADD KEY `user_id` (`user_id`);

--
-- Индексы таблицы `favourites`
--
ALTER TABLE `favourites`
  ADD PRIMARY KEY (`user_id`,`vacancy_id`),
  ADD KEY `vacancy_id` (`vacancy_id`);

--
-- Индексы таблицы `region`
--
ALTER TABLE `region`
  ADD PRIMARY KEY (`id`),
  ADD UNIQUE KEY `name` (`name`);

--
-- Индексы таблицы `specialization`
--
ALTER TABLE `specialization`
  ADD PRIMARY KEY (`id`),
  ADD UNIQUE KEY `name` (`name`);

--
-- Индексы таблицы `user_info`
--
ALTER TABLE `user_info`
  ADD PRIMARY KEY (`id`);

--
-- Индексы таблицы `vacancy`
--
ALTER TABLE `vacancy`
  ADD PRIMARY KEY (`id`),
  ADD KEY `region_id` (`region_id`),
  ADD KEY `vacancy_spec_id` (`spec_id`);

--
-- AUTO_INCREMENT для сохранённых таблиц
--

--
-- AUTO_INCREMENT для таблицы `company`
--
ALTER TABLE `company`
  MODIFY `id` int(11) NOT NULL AUTO_INCREMENT;

--
-- AUTO_INCREMENT для таблицы `region`
--
ALTER TABLE `region`
  MODIFY `id` int(11) NOT NULL AUTO_INCREMENT, AUTO_INCREMENT=7;

--
-- AUTO_INCREMENT для таблицы `specialization`
--
ALTER TABLE `specialization`
  MODIFY `id` int(11) NOT NULL AUTO_INCREMENT, AUTO_INCREMENT=6;

--
-- AUTO_INCREMENT для таблицы `user_info`
--
ALTER TABLE `user_info`
  MODIFY `id` int(11) NOT NULL AUTO_INCREMENT, AUTO_INCREMENT=28;

--
-- AUTO_INCREMENT для таблицы `vacancy`
--
ALTER TABLE `vacancy`
  MODIFY `id` int(11) NOT NULL AUTO_INCREMENT, AUTO_INCREMENT=50;

--
-- Ограничения внешнего ключа сохраненных таблиц
--

--
-- Ограничения внешнего ключа таблицы `company`
--
ALTER TABLE `company`
  ADD CONSTRAINT `company_ibfk_1` FOREIGN KEY (`user_id`) REFERENCES `user_info` (`id`);

--
-- Ограничения внешнего ключа таблицы `favourites`
--
ALTER TABLE `favourites`
  ADD CONSTRAINT `favourites_ibfk_1` FOREIGN KEY (`user_id`) REFERENCES `user_info` (`id`) ON DELETE CASCADE ON UPDATE CASCADE,
  ADD CONSTRAINT `favourites_ibfk_2` FOREIGN KEY (`vacancy_id`) REFERENCES `vacancy` (`id`) ON DELETE CASCADE ON UPDATE CASCADE;

--
-- Ограничения внешнего ключа таблицы `vacancy`
--
ALTER TABLE `vacancy`
  ADD CONSTRAINT `vacancy_ibfk_1` FOREIGN KEY (`region_id`) REFERENCES `region` (`id`),
  ADD CONSTRAINT `vacancy_spec_id` FOREIGN KEY (`spec_id`) REFERENCES `specialization` (`id`) ON DELETE CASCADE ON UPDATE NO ACTION;
COMMIT;

/*!40101 SET CHARACTER_SET_CLIENT=@OLD_CHARACTER_SET_CLIENT */;
/*!40101 SET CHARACTER_SET_RESULTS=@OLD_CHARACTER_SET_RESULTS */;
/*!40101 SET COLLATION_CONNECTION=@OLD_COLLATION_CONNECTION */;
